Queried Name,Returned Name,companies._count,companies._start,companies._total,companies.values[0].companyType.code,companies.values[0].companyType.name,companies.values[0].emailDomains._total,companies.values[0].employeeCountRange.code,companies.values[0].employeeCountRange.name,companies.values[0].foundedYear,companies.values[0].id,companies.values[0].industries._total,companies.values[0].industries.values[0].code,companies.values[0].industries.values[0].name,companies.values[0].locations.values[0].address.city,companies.values[0].locations.values[0].address.postalCode,companies.values[0].locations.values[0].address.street1,companies.values[0].locations.values[0].contactInfo.fax,companies.values[0].locations.values[0].contactInfo.phone1,companies.values[0].locations.values[0].isActive,companies.values[0].locations.values[0].isHeadquarters,companies.values[0].locations.values[1].address.city,companies.values[0].locations.values[1].address.postalCode,companies.values[0].locations.values[1].address.street1,companies.values[0].locations.values[1].contactInfo.fax,companies.values[0].locations.values[1].contactInfo.phone1,companies.values[0].locations.values[1].isActive,companies.values[0].locations.values[1].isHeadquarters,companies.values[0].locations.values[3].address.city,companies.values[0].locations.values[3].address.postalCode,companies.values[0].locations.values[3].address.street1,companies.values[0].locations.values[3].contactInfo.fax,companies.values[0].locations.values[3].contactInfo.phone1,companies.values[0].locations.values[3].isActive,companies.values[0].locations.values[3].isHeadquarters,companies.values[0].numFollowers,companies.values[0].specialties._total,companies.values[0].specialties.values[0],companies.values[0].specialties.values[10],companies.values[0].specialties.values[11],companies.values[0].specialties.values[12],companies.values[0].specialties.values[13],companies.values[0].specialties.values[14],companies.values[0].specialties.values[15],companies.values[0].specialties.values[16],companies.values[0].specialties.values[17],companies.values[0].specialties.values[18],companies.values[0].specialties.values[19],companies.values[0].specialties.values[1],companies.values[0].specialties.values[20],companies.values[0].specialties.values[21],companies.values[0].specialties.values[22],companies.values[0].specialties.values[23],companies.values[0].specialties.values[24],companies.values[0].specialties.values[25],companies.values[0].specialties.values[26],companies.values[0].specialties.values[27],companies.values[0].specialties.values[28],companies.values[0].specialties.values[29],companies.values[0].specialties.values[2],companies.values[0].specialties.values[30],companies.values[0].specialties.values[31],companies.values[0].specialties.values[32],companies.values[0].specialties.values[33],companies.values[0].specialties.values[34],companies.values[0].specialties.values[35],companies.values[0].specialties.values[36],companies.values[0].specialties.values[37],companies.values[0].specialties.values[38],companies.values[0].specialties.values[39],companies.values[0].specialties.values[3],companies.values[0].specialties.values[40],companies.values[0].specialties.values[41],companies.values[0].specialties.values[42],companies.values[0].specialties.values[43],companies.values[0].specialties.values[44],companies.values[0].specialties.values[45],companies.values[0].specialties.values[46],companies.values[0].specialties.values[47],companies.values[0].specialties.values[48],companies.values[0].specialties.values[49],companies.values[0].specialties.values[4],companies.values[0].specialties.values[50],companies.values[0].specialties.values[51],companies.values[0].specialties.values[52],companies.values[0].specialties.values[5],companies.values[0].specialties.values[6],companies.values[0].specialties.values[7],companies.values[0].specialties.values[8],companies.values[0].specialties.values[9],companies.values[0].status.code,companies.values[0].status.name,companies.values[0].twitterId,companies.values[0].websiteUrl
4 CORP PERU S.A.C.,proveeduria lionard s.a.c,1,1,33,P,Privately Held,0,C,11-50,2005,576843,1,34,Alimentación y bebidas,CALLAO,CALLAO 1,Av.DULOPOYI 824 LA PERLA CALLAO,4295252,4533338,True,False,N/A,N/A,N/A,N/A,N/A,N/A,N/A,N/A,N/A,N/A,N/A,N/A,N/A,N/A,1477,1,provee a los barcos,N/A,N/A,N/A,N/A,N/A,N/A,N/A,N/A,N/A,N/A,N/A,N/A,N/A,N/A,N/A,N/A,N/A,N/A,N/A,N/A,N/A,N/A,N/A,N/A,N/A,N/A,N/A,N/A,N/A,N/A,N/A,N/A,N/A,N/A,N/A,N/A,N/A,N/A,N/A,N/A,N/A,N/A,N/A,N/A,N/A,N/A,N/A,N/A,N/A,N/A,N/A,N/A,OPR,Operating,N/A,.maritimalionard@terra.com
A & A CAPACITA S.A.C.,C & S Comunicacion y Sistemas S.A.,1,1,219,O,Self Owned,0,C,11-50,1997,2258121,1,8,Telecomunicaciones,CABA,C1406AZL,Caracas 632,N/A,54-11-4611-9297,True,True,N/A,N/A,N/A,N/A,N/A,N/A,N/A,N/A,N/A,N/A,N/A,N/A,N/A,N/A,165,12,Business Partner AVAYA,Auriculares,Jabra,N/A,N/A,N/A,N/A,N/A,N/A,N/A,N/A,Servicio Tecnico Certificado AVAYA,N/A,N/A,N/A,N/A,N/A,N/A,N/A,N/A,N/A,N/A,Desarrollos de Software Propios,N/A,N/A,N/A,N/A,N/A,N/A,N/A,N/A,N/A,N/A,Atención Personalizada,N/A,N/A,N/A,N/A,N/A,N/A,N/A,N/A,N/A,N/A,SMB PYME IP Office 500,N/A,N/A,N/A,Gateway GSM,Synway,Paneles Solares,Energia Renovable,Pantallas Interactivas,OPR,Operating,cyssa,http://www.cyssa.com.ar
A & A CONSULTORAS S.A.C.,MESSIS Asesores de Seguros S.A.,1,2,33,O,Self Owned,0,C,11-50,1998,10953445,1,42,Seguros,CABA,C1084ABE,Maipu 267,N/A,N/A,True,True,N/A,N/A,N/A,N/A,N/A,N/A,N/A,N/A,N/A,N/A,N/A,N/A,N/A,N/A,2882,1,Seguros,N/A,N/A,N/A,N/A,N/A,N/A,N/A,N/A,N/A,N/A,N/A,N/A,N/A,N/A,N/A,N/A,N/A,N/A,N/A,N/A,N/A,N/A,N/A,N/A,N/A,N/A,N/A,N/A,N/A,N/A,N/A,N/A,N/A,N/A,N/A,N/A,N/A,N/A,N/A,N/A,N/A,N/A,N/A,N/A,N/A,N/A,N/A,N/A,N/A,N/A,N/A,N/A,OPR,Operating,N/A,http://messisonline.com
A & C SERVICORP S.A.C.,G Y C GROUP SERVICE,N/A,N/A,1,P,Privately Held,0,C,11-50,2008,2781679,1,123,Subcontrataciones/Offshoring,LIMA,054,Las Casuarianas A-5 JLByR,N/A,054-766754,True,True,N/A,N/A,N/A,N/A,N/A,N/A,N/A,N/A,N/A,N/A,N/A,N/A,N/A,N/A,69,4,Marketing BTL,N/A,N/A,N/A,N/A,N/A,N/A,N/A,N/A,N/A,N/A,Arquitectura de Edificaciones,N/A,N/A,N/A,N/A,N/A,N/A,N/A,N/A,N/A,N/A,Arquitectura Comercial,N/A,N/A,N/A,N/A,N/A,N/A,N/A,N/A,N/A,N/A,Servicios Generales,N/A,N/A,N/A,N/A,N/A,N/A,N/A,N/A,N/A,N/A,N/A,N/A,N/A,N/A,N/A,N/A,N/A,N/A,N/A,OPR,Operating,N/A,www.gycgrupo.com
A & D BIENES Y SERVICIOS S.A.C.,SAC SEGURIDAD,1,0,8,C,Public Company,0,D,51-200,2008,2036569,1,121,Seguridad e investigaciones,TOLEDO,45008,C/ AZUCENA 25,N/A,902104884,True,False,N/A,N/A,N/A,N/A,N/A,N/A,N/A,N/A,N/A,N/A,N/A,N/A,N/A,N/A,153,4,Seguridad Física (Vigilantes de Seguridad con y sin arma),N/A,N/A,N/A,N/A,N/A,N/A,N/A,N/A,N/A,N/A,Seguridad Pasiva: Sistemas Contra Incendios,N/A,N/A,N/A,N/A,N/A,N/A,N/A,N/A,N/A,N/A,"Central Receptora de Alarmas, Sistemas Anti-Hurto,",N/A,N/A,N/A,N/A,N/A,N/A,N/A,N/A,N/A,N/A,"Control de accesos,Circuito Cerrado de Televisión",N/A,N/A,N/A,N/A,N/A,N/A,N/A,N/A,N/A,N/A,N/A,N/A,N/A,N/A,N/A,N/A,N/A,N/A,N/A,OPR,Operating,N/A,www.sacseguridad.es
A & E PROYECTOS Y SERVICIOS INTEGRADOS SAC,Nuestra misión es asistir y apoyar a nuestros clientes para contribuir a mejorar sus beneficios,1,1,3,P,Privately Held,0,C,11-50,2003,1236337,1,96,Servicios y tecnología de la información ,SURCO,LIMA33,JR. MONTE ROSA 270 OF. 402,51-1-2439090,51-1-2439090,True,True,N/A,N/A,N/A,N/A,N/A,N/A,N/A,N/A,N/A,N/A,N/A,N/A,N/A,N/A,132,8,ERP,N/A,N/A,N/A,N/A,N/A,N/A,N/A,N/A,N/A,N/A,BUSINESS CASE,N/A,N/A,N/A,N/A,N/A,N/A,N/A,N/A,N/A,N/A,RECURSOS HUMANOS,N/A,N/A,N/A,N/A,N/A,N/A,N/A,N/A,N/A,N/A,ASSESSMENT DE PROCESOS Y TECNOLOGIA,N/A,N/A,N/A,N/A,N/A,N/A,N/A,N/A,N/A,N/A,FACTURACION ELECTRONICA,N/A,N/A,N/A,ORACLE,MICROSOFT SHAREPOINT,BUSINESS INTELLIGENCE,N/A,N/A,OPR,Operating,N/A,www.angkorperu.com
A & E SERVICIOS INTEGRALES S.R.L.,S.P. Arquitectura S.R.L. - Servicios Profesionales Arquitectura / Ingenieria-,1,0,65,O,Self Owned,0,B,2-10,2000,1103566,1,50,Arquitectura y planificación,CABA,1043,Av. Corrientes 1312 3 piso of 307,N/A,N/A,True,True,CABA,N/A,Marchant Pereyra 416 - Providencia,N/A,N/A,True,False,N/A,N/A,N/A,N/A,N/A,N/A,N/A,1335,5,Desarrollo de Documentación de arquitectura e ingenierías,N/A,N/A,N/A,N/A,N/A,N/A,N/A,N/A,N/A,N/A,Preparación y armado de licitaciones,N/A,N/A,N/A,N/A,N/A,N/A,N/A,N/A,N/A,N/A,Dirección y Supervisión de obras,N/A,N/A,N/A,N/A,N/A,N/A,N/A,N/A,N/A,N/A,Análisis de interferencias de ingenierias,N/A,N/A,N/A,N/A,N/A,N/A,N/A,N/A,N/A,N/A,Desarrollo de planes de trabajo,N/A,N/A,N/A,N/A,N/A,N/A,N/A,N/A,OPR,Operating,N/A,www.sparqs.com.ar
A & F SOLUCIONES S.A.C,LEYDEN S.A.I.C.y F.,1,2,3,P,Privately Held,0,C,11-50,1953,11344854,1,112,Manufactura eléctrica y electrónica,CABA,1280,ANCHORIS 273,N/A,N/A,True,True,N/A,N/A,N/A,N/A,N/A,N/A,N/A,N/A,N/A,N/A,N/A,N/A,N/A,N/A,6,9,Capacitores,N/A,N/A,N/A,N/A,N/A,N/A,N/A,N/A,N/A,N/A,Estudios Técnicos,N/A,N/A,N/A,N/A,N/A,N/A,N/A,N/A,N/A,N/A,Compensación de Reactivo,N/A,N/A,N/A,N/A,N/A,N/A,N/A,N/A,N/A,N/A,Estudio de Armónicas,N/A,N/A,N/A,N/A,N/A,N/A,N/A,N/A,N/A,N/A,Cálculo de Cortocircuito y Cálculo de PAT,N/A,N/A,N/A, Análisis de Ferrorresonancia,Coordinación de Protecciones,Controles para Bancos de Media Tensión,Ingeniería en Capacitores,N/A,N/A,N/A,N/A,http://www.leyden.com.ar/
A & M  MANTENIMIENTO S.A.C,A&M AIR SOLUTION S.A.C,1,0,4,E,Self Employed,0,C,11-50,N/A,11362670,1,40,Instalaciones y servicios de recreo ,CALLAO,07031,Av. 200 Millas Mz. B Lote 01A Prov. San Juan de Oquendo ,N/A,N/A,True,True,N/A,N/A,N/A,N/A,N/A,N/A,N/A,N/A,N/A,N/A,N/A,N/A,N/A,N/A,0,14,Mantenimiento,Farmacéutico,Hospitales,Residencias,Aeropuertos,N/A,N/A,N/A,N/A,N/A,N/A,Climatización,N/A,N/A,N/A,N/A,N/A,N/A,N/A,N/A,N/A,N/A,Equipo de ventilación,N/A,N/A,N/A,N/A,N/A,N/A,N/A,N/A,N/A,N/A,Sistemas de extracción,N/A,N/A,N/A,N/A,N/A,N/A,N/A,N/A,N/A,N/A,Equipos de refrigeración,N/A,N/A,N/A,Escuela,Aeropuertos,Hoteles,Minas,Fabricas industriales,N/A,N/A,N/A,http://aymairsolution.com/
A & M  MANTENIMIENTO S.A.C,CARESNY´S SOLUTIONS IN INDUSTRIAL & MECHANICAL PERÚ S.A.C,1,2,4,P,Privately Held,0,C,11-50,2009,1117351,1,57,Petróleo y energía,LIMA,Lima 04,Calle Santa Rosa 433 Ofic. 302-B,N/A,2526932,True,True,N/A,N/A,N/A,N/A,N/A,N/A,N/A,N/A,N/A,N/A,N/A,N/A,N/A,N/A,82,N/A,N/A,N/A,N/A,N/A,N/A,N/A,N/A,N/A,N/A,N/A,N/A,N/A,N/A,N/A,N/A,N/A,N/A,N/A,N/A,N/A,N/A,N/A,N/A,N/A,N/A,N/A,N/A,N/A,N/A,N/A,N/A,N/A,N/A,N/A,N/A,N/A,N/A,N/A,N/A,N/A,N/A,N/A,N/A,N/A,N/A,N/A,N/A,N/A,N/A,N/A,N/A,N/A,N/A,OPR,Operating,N/A,www.caresny.com
A & P INGENIERIA Y CONSTRUCCION S.R.L.,S.P. Arquitectura S.R.L. - Servicios Profesionales Arquitectura / Ingenieria-,1,0,8,O,Self Owned,0,B,2-10,2000,1103566,1,50,Arquitectura y planificación,CABA,1043,Av. Corrientes 1312 3 piso of 307,N/A,N/A,True,True,CABA,N/A,Marchant Pereyra 416 - Providencia,N/A,N/A,True,False,N/A,N/A,N/A,N/A,N/A,N/A,N/A,1335,5,Desarrollo de Documentación de arquitectura e ingenierías,N/A,N/A,N/A,N/A,N/A,N/A,N/A,N/A,N/A,N/A,Preparación y armado de licitaciones,N/A,N/A,N/A,N/A,N/A,N/A,N/A,N/A,N/A,N/A,Dirección y Supervisión de obras,N/A,N/A,N/A,N/A,N/A,N/A,N/A,N/A,N/A,N/A,Análisis de interferencias de ingenierias,N/A,N/A,N/A,N/A,N/A,N/A,N/A,N/A,N/A,N/A,Desarrollo de planes de trabajo,N/A,N/A,N/A,N/A,N/A,N/A,N/A,N/A,OPR,Operating,N/A,www.sparqs.com.ar
A & R ASESORES S.A.C.,MESSIS Asesores de Seguros S.A.,1,0,17,O,Self Owned,0,C,11-50,1998,10953445,1,42,Seguros,CABA,C1084ABE,Maipu 267,N/A,N/A,True,True,N/A,N/A,N/A,N/A,N/A,N/A,N/A,N/A,N/A,N/A,N/A,N/A,N/A,N/A,2882,1,Seguros,N/A,N/A,N/A,N/A,N/A,N/A,N/A,N/A,N/A,N/A,N/A,N/A,N/A,N/A,N/A,N/A,N/A,N/A,N/A,N/A,N/A,N/A,N/A,N/A,N/A,N/A,N/A,N/A,N/A,N/A,N/A,N/A,N/A,N/A,N/A,N/A,N/A,N/A,N/A,N/A,N/A,N/A,N/A,N/A,N/A,N/A,N/A,N/A,N/A,N/A,N/A,N/A,OPR,Operating,N/A,http://messisonline.com
A & R ASESORES Y ASOCIADOS S.A.C.,MESSIS Asesores de Seguros S.A.,1,0,3,O,Self Owned,0,C,11-50,1998,10953445,1,42,Seguros,CABA,C1084ABE,Maipu 267,N/A,N/A,True,True,N/A,N/A,N/A,N/A,N/A,N/A,N/A,N/A,N/A,N/A,N/A,N/A,N/A,N/A,2882,1,Seguros,N/A,N/A,N/A,N/A,N/A,N/A,N/A,N/A,N/A,N/A,N/A,N/A,N/A,N/A,N/A,N/A,N/A,N/A,N/A,N/A,N/A,N/A,N/A,N/A,N/A,N/A,N/A,N/A,N/A,N/A,N/A,N/A,N/A,N/A,N/A,N/A,N/A,N/A,N/A,N/A,N/A,N/A,N/A,N/A,N/A,N/A,N/A,N/A,N/A,N/A,N/A,N/A,OPR,Operating,N/A,http://messisonline.com
A & R CONTRATISTAS Y CONSULTORIA S.A.C.,TRIPLE A CONTRATISTAS GENERALES S.A.,N/A,N/A,1,E,Self Employed,0,C,11-50,2004,27001968,1,48,Construcción,LIMA,101,JR. WASHINGTON NRO. 1106  ,N/A,N/A,True,True,N/A,N/A,N/A,N/A,N/A,N/A,N/A,N/A,N/A,N/A,N/A,N/A,N/A,N/A,6,4,ACTIV.DE ARQUITECTURA E INGENIERIA,N/A,N/A,N/A,N/A,N/A,N/A,N/A,N/A,N/A,N/A,DISEÑO Y CONSULTORIA,N/A,N/A,N/A,N/A,N/A,N/A,N/A,N/A,N/A,N/A,MANTENIMIENTO ,N/A,N/A,N/A,N/A,N/A,N/A,N/A,N/A,N/A,N/A,Ejecución de proyectos GASOCENTROS DE  CL – GLP - GNV.,N/A,N/A,N/A,N/A,N/A,N/A,N/A,N/A,N/A,N/A,N/A,N/A,N/A,N/A,N/A,N/A,N/A,N/A,N/A,N/A,N/A,N/A,N/A
A & S GREEN SOLUTIONS S.A.C,Green Com,1,1,6,O,Self Owned,0,B,2-10,2016,18594428,1,98,Relaciones públicas,PAU,64000,56,N/A,N/A,True,True,N/A,N/A,N/A,N/A,N/A,N/A,N/A,N/A,N/A,N/A,N/A,N/A,N/A,N/A,3,6,communication éco responsable,N/A,N/A,N/A,N/A,N/A,N/A,N/A,N/A,N/A,N/A,community manager,N/A,N/A,N/A,N/A,N/A,N/A,N/A,N/A,N/A,N/A,internet vert,N/A,N/A,N/A,N/A,N/A,N/A,N/A,N/A,N/A,N/A,audit de préconisation ,N/A,N/A,N/A,N/A,N/A,N/A,N/A,N/A,N/A,N/A,communication holistique,N/A,N/A,N/A,marketing holistique,N/A,N/A,N/A,N/A,N/A,N/A,N/A,N/A
A & S PERUVIAN GROUP S.A.C.,QUINOA ANDINA,1,1,8,P,Privately Held,0,D,51-200,2013,9268193,1,63,Agricultura,SAURAMA,N/A,AV. CAMINOS DEL INCA MZA. K LOTE. 2 AYACUCHO - VILCAS HUAMAN - SAURAMA,N/A,2491743,True,True,N/A,N/A,N/A,N/A,N/A,N/A,N/A,N/A,N/A,N/A,N/A,N/A,N/A,N/A,1513,5,Quinoa Flour,N/A,N/A,N/A,N/A,N/A,N/A,N/A,N/A,N/A,N/A,Instant Quinoa,N/A,N/A,N/A,N/A,N/A,N/A,N/A,N/A,N/A,N/A,White Quinoa,N/A,N/A,N/A,N/A,N/A,N/A,N/A,N/A,N/A,N/A,Red Quinoa,N/A,N/A,N/A,N/A,N/A,N/A,N/A,N/A,N/A,N/A,Black Quinoa,N/A,N/A,N/A,N/A,N/A,N/A,N/A,N/A,OPR,Operating,N/A,http://www.quinoandina.com/
A & T FISH S.A.C.,Fish Fun Co.,1,0,29,P,Privately Held,0,C,11-50,2008,2943606,1,20,Artículos deportivos,NOVI,48377,PARAMOUNT,N/A,N/A,True,True,N/A,N/A,N/A,N/A,N/A,N/A,N/A,N/A,N/A,N/A,N/A,N/A,N/A,N/A,112,N/A,N/A,N/A,N/A,N/A,N/A,N/A,N/A,N/A,N/A,N/A,N/A,N/A,N/A,N/A,N/A,N/A,N/A,N/A,N/A,N/A,N/A,N/A,N/A,N/A,N/A,N/A,N/A,N/A,N/A,N/A,N/A,N/A,N/A,N/A,N/A,N/A,N/A,N/A,N/A,N/A,N/A,N/A,N/A,N/A,N/A,N/A,N/A,N/A,N/A,N/A,N/A,N/A,N/A,OPR,Operating,N/A,Http://www.RcFishingWOrld.com
A + I PROYECTOS S.A.C.,A+I PROYECTOS S.A.C.,1,0,136,O,Self Owned,0,C,11-50,2014,11254246,1,48,Construcción,LIMA,LIMA 08,AV. METROPOLITANA 1412,N/A,N/A,True,True,N/A,N/A,N/A,N/A,N/A,N/A,N/A,N/A,N/A,N/A,N/A,N/A,N/A,N/A,4,N/A,N/A,N/A,N/A,N/A,N/A,N/A,N/A,N/A,N/A,N/A,N/A,N/A,N/A,N/A,N/A,N/A,N/A,N/A,N/A,N/A,N/A,N/A,N/A,N/A,N/A,N/A,N/A,N/A,N/A,N/A,N/A,N/A,N/A,N/A,N/A,N/A,N/A,N/A,N/A,N/A,N/A,N/A,N/A,N/A,N/A,N/A,N/A,N/A,N/A,N/A,N/A,N/A,N/A,N/A,N/A,N/A,N/A
A VAPOR SERVICIOS ESPECIALIZADOS SAC - A VAPOR S.A.C.,AISLASISTEMAS SAC,N/A,N/A,1,O,Self Owned,0,D,51-200,N/A,7790547,1,135,Ingeniería industrial o mecánica,LIMA,01,"Urb. El Trebol, Los Olivos, Lima",N/A,01-533 2025,True,True,N/A,N/A,N/A,N/A,N/A,N/A,N/A,N/A,N/A,N/A,N/A,N/A,N/A,N/A,12,4,Aislamiento Térmico (vapor y frìo),N/A,N/A,N/A,N/A,N/A,N/A,N/A,N/A,N/A,N/A,Insulado a bodegas embarciones pesqueras,N/A,N/A,N/A,N/A,N/A,N/A,N/A,N/A,N/A,N/A,Venta de materiales Aislantes,N/A,N/A,N/A,N/A,N/A,N/A,N/A,N/A,N/A,N/A,Suministros,N/A,N/A,N/A,N/A,N/A,N/A,N/A,N/A,N/A,N/A,N/A,N/A,N/A,N/A,N/A,N/A,N/A,N/A,N/A,OOB,Out of Business,N/A,www.aislasistemas.com
A Y C ASESORES PROFESIONALES S.A.C.,MESSIS Asesores de Seguros S.A.,1,2,81,O,Self Owned,0,C,11-50,1998,10953445,1,42,Seguros,CABA,C1084ABE,Maipu 267,N/A,N/A,True,True,N/A,N/A,N/A,N/A,N/A,N/A,N/A,N/A,N/A,N/A,N/A,N/A,N/A,N/A,2882,1,Seguros,N/A,N/A,N/A,N/A,N/A,N/A,N/A,N/A,N/A,N/A,N/A,N/A,N/A,N/A,N/A,N/A,N/A,N/A,N/A,N/A,N/A,N/A,N/A,N/A,N/A,N/A,N/A,N/A,N/A,N/A,N/A,N/A,N/A,N/A,N/A,N/A,N/A,N/A,N/A,N/A,N/A,N/A,N/A,N/A,N/A,N/A,N/A,N/A,N/A,N/A,N/A,N/A,OPR,Operating,N/A,http://messisonline.com
A Y R SERVICIOS DE INGENIERIA Y CONSTRUCCION S.A.C.,S.P. Arquitectura S.R.L. - Servicios Profesionales Arquitectura / Ingenieria-,1,0,128,O,Self Owned,0,B,2-10,2000,1103566,1,50,Arquitectura y planificación,CABA,1043,Av. Corrientes 1312 3 piso of 307,N/A,N/A,True,True,CABA,N/A,Marchant Pereyra 416 - Providencia,N/A,N/A,True,False,N/A,N/A,N/A,N/A,N/A,N/A,N/A,1336,5,Desarrollo de Documentación de arquitectura e ingenierías,N/A,N/A,N/A,N/A,N/A,N/A,N/A,N/A,N/A,N/A,Preparación y armado de licitaciones,N/A,N/A,N/A,N/A,N/A,N/A,N/A,N/A,N/A,N/A,Dirección y Supervisión de obras,N/A,N/A,N/A,N/A,N/A,N/A,N/A,N/A,N/A,N/A,Análisis de interferencias de ingenierias,N/A,N/A,N/A,N/A,N/A,N/A,N/A,N/A,N/A,N/A,Desarrollo de planes de trabajo,N/A,N/A,N/A,N/A,N/A,N/A,N/A,N/A,OPR,Operating,N/A,www.sparqs.com.ar
A&C ASESORIA INTEGRAL S.A.C.,A&C Alliance S.A.C.,1,1,28,S,Partnership,0,B,2-10,2015,10463434,1,116,Logística y cadena de suministro,LIMA,07,"AV COLLIQUE 136, URB EL ALAMO, COMAS",N/A,945755229,True,False,N/A,N/A,N/A,N/A,N/A,N/A,N/A,N/A,N/A,N/A,N/A,N/A,N/A,N/A,2,6,Business Development,N/A,N/A,N/A,N/A,N/A,N/A,N/A,N/A,N/A,N/A,Integral Logistics,N/A,N/A,N/A,N/A,N/A,N/A,N/A,N/A,N/A,N/A,Taxation,N/A,N/A,N/A,N/A,N/A,N/A,N/A,N/A,N/A,N/A,Financing,N/A,N/A,N/A,N/A,N/A,N/A,N/A,N/A,N/A,N/A,Operational,N/A,N/A,N/A,Legal Advice,N/A,N/A,N/A,N/A,OPR,Operating,N/A,dxa4114.wix.com/hayaconsultoria
A-UNO SOLUCIONES DE NEGOCIOS S.A.C.,C & S Comunicacion y Sistemas S.A.,1,0,39,O,Self Owned,0,C,11-50,1997,2258121,1,8,Telecomunicaciones,CABA,C1406AZL,Caracas 632,N/A,54-11-4611-9297,True,True,N/A,N/A,N/A,N/A,N/A,N/A,N/A,N/A,N/A,N/A,N/A,N/A,N/A,N/A,164,12,Business Partner AVAYA,Auriculares,Jabra,N/A,N/A,N/A,N/A,N/A,N/A,N/A,N/A,Servicio Tecnico Certificado AVAYA,N/A,N/A,N/A,N/A,N/A,N/A,N/A,N/A,N/A,N/A,Desarrollos de Software Propios,N/A,N/A,N/A,N/A,N/A,N/A,N/A,N/A,N/A,N/A,Atención Personalizada,N/A,N/A,N/A,N/A,N/A,N/A,N/A,N/A,N/A,N/A,SMB PYME IP Office 500,N/A,N/A,N/A,Gateway GSM,Synway,Paneles Solares,Energia Renovable,Pantallas Interactivas,OPR,Operating,cyssa,http://www.cyssa.com.ar
A-UNO SOLUCIONES DE NEGOCIOS S.A.C.,Terza,1,2,39,P,Privately Held,0,F,501-1000,1980,360325,1,60,Sector textil,.,66550,.,N/A,N/A,True,True,N/A,N/A,N/A,N/A,N/A,N/A,N/A,N/A,N/A,N/A,N/A,N/A,N/A,N/A,584,6,Alfombras,N/A,N/A,N/A,N/A,N/A,N/A,N/A,N/A,N/A,N/A,Pisos Laminados,N/A,N/A,N/A,N/A,N/A,N/A,N/A,N/A,N/A,N/A,Pisos de Madera,N/A,N/A,N/A,N/A,N/A,N/A,N/A,N/A,N/A,N/A,Tapetes,N/A,N/A,N/A,N/A,N/A,N/A,N/A,N/A,N/A,N/A,Pasto Sintético,N/A,N/A,N/A,Persianas,N/A,N/A,N/A,N/A,OPR,Operating,N/A,www.terza.com
A.E. LIMA S.A.C.,NAVICON S.A.,1,2,90,P,Privately Held,0,E,201-500,N/A,593785,1,116,Logística y cadena de suministro,N/A,N/A,N/A,N/A,N/A,N/A,N/A,CABA,1228,"Lavalle 482, 1º, 2º, 7º, 8º y 9º, Cap. Fed.",N/A,(54-11) 5288-1600,True,False,N/A,N/A,N/A,N/A,N/A,N/A,N/A,1736,N/A,N/A,N/A,N/A,N/A,N/A,N/A,N/A,N/A,N/A,N/A,N/A,N/A,N/A,N/A,N/A,N/A,N/A,N/A,N/A,N/A,N/A,N/A,N/A,N/A,N/A,N/A,N/A,N/A,N/A,N/A,N/A,N/A,N/A,N/A,N/A,N/A,N/A,N/A,N/A,N/A,N/A,N/A,N/A,N/A,N/A,N/A,N/A,N/A,N/A,N/A,N/A,N/A,N/A,N/A,N/A,N/A,www.navicon.com.ar
A.M.L SECURITY E.I.R.L.,DI.M.A.R.C.A.SERVICE S.R.L.,N/A,N/A,1,P,Privately Held,0,C,11-50,1972,5080346,1,55,Maquinaria,N/A,N/A,N/A,N/A,N/A,N/A,N/A,ROMA,00192,"VIA PIETRO GIANNONE,27",N/A,N/A,True,False,N/A,N/A,N/A,N/A,N/A,N/A,N/A,34,3,impianti antincendio,N/A,N/A,N/A,N/A,N/A,N/A,N/A,N/A,N/A,N/A,porte e paratie tagliafuoco,N/A,N/A,N/A,N/A,N/A,N/A,N/A,N/A,N/A,N/A,formazione personale in materia di safety & security,N/A,N/A,N/A,N/A,N/A,N/A,N/A,N/A,N/A,N/A,N/A,N/A,N/A,N/A,N/A,N/A,N/A,N/A,N/A,N/A,N/A,N/A,N/A,N/A,N/A,N/A,N/A,N/A,N/A,N/A,OPR,Operating,N/A,www.dimarcaservice.com
A.R ACABADOS DE LA CONSTRUCCION E.I.R.L.,REVASA SERVICIOS GENERALES EIRL,1,2,4,O,Self Owned,0,B,2-10,2017,11344187,1,135,Ingeniería industrial o mecánica,LIMA,051,MZ H1 LT 8 ,N/A,N/A,True,True,N/A,N/A,N/A,N/A,N/A,N/A,N/A,N/A,N/A,N/A,N/A,N/A,N/A,N/A,2,7,Instalaciones eléctricas industrial y domiciliarias,N/A,N/A,N/A,N/A,N/A,N/A,N/A,N/A,N/A,N/A,Mantenimiento y reparación de maquinarias pesada,N/A,N/A,N/A,N/A,N/A,N/A,N/A,N/A,N/A,N/A,Acabados de edificaciones,N/A,N/A,N/A,N/A,N/A,N/A,N/A,N/A,N/A,N/A,Mantenimiento de pozo a tierra,N/A,N/A,N/A,N/A,N/A,N/A,N/A,N/A,N/A,N/A,Mantenimiento de tableros eléctricos,N/A,N/A,N/A,Mantenimiento y reparación de sistemas automatizados,Mantenimiento a grupos electrógenos,N/A,N/A,N/A,N/A,N/A,N/A,N/A
AA & COMPANY GROUP S.A.C.,AIRTEMP DE MÉXICO,1,1,2,C,Public Company,0,G,1001-5000,1982,10776183,1,53,Sector automovilístico,UMAN,97390,KM 10 CARRETERA MERIDA-UMAN TAB. RUSTICO 4193,N/A,(52) 9999304100,True,True,N/A,N/A,N/A,N/A,N/A,N/A,N/A,N/A,N/A,N/A,N/A,N/A,N/A,N/A,123,9,DISEÑO A/A AUTOMOTRIZ,N/A,N/A,N/A,N/A,N/A,N/A,N/A,N/A,N/A,N/A,CONDENSADORES,N/A,N/A,N/A,N/A,N/A,N/A,N/A,N/A,N/A,N/A,EVAPORADORES,N/A,N/A,N/A,N/A,N/A,N/A,N/A,N/A,N/A,N/A,RADIADORES,N/A,N/A,N/A,N/A,N/A,N/A,N/A,N/A,N/A,N/A,MOTOVENTILADORES,N/A,N/A,N/A,H-VAC,INTERCAMBIADORES DE CALOR,OIL COOLER,INYECCION DE PLASTICOS,N/A,OPR,Operating,N/A,www.airtemp.com.mx
ABLE PERU S.A.C.,proveeduria lionard s.a.c,1,0,3,P,Privately Held,0,C,11-50,2005,576843,1,34,Alimentación y bebidas,CALLAO,CALLAO 1,Av.DULOPOYI 824 LA PERLA CALLAO,4295252,4533338,True,False,N/A,N/A,N/A,N/A,N/A,N/A,N/A,N/A,N/A,N/A,N/A,N/A,N/A,N/A,1477,1,provee a los barcos,N/A,N/A,N/A,N/A,N/A,N/A,N/A,N/A,N/A,N/A,N/A,N/A,N/A,N/A,N/A,N/A,N/A,N/A,N/A,N/A,N/A,N/A,N/A,N/A,N/A,N/A,N/A,N/A,N/A,N/A,N/A,N/A,N/A,N/A,N/A,N/A,N/A,N/A,N/A,N/A,N/A,N/A,N/A,N/A,N/A,N/A,N/A,N/A,N/A,N/A,N/A,N/A,OPR,Operating,N/A,.maritimalionard@terra.com
AC & V CORPORATION E.I.R.L,P.I.K.V. - S.R.L.,1,2,4,N/A,N/A,0,C,11-50,N/A,24672761,1,48,Construcción,ROMA,00192,PIAZZA DELLA LIBERTA  10,N/A,+39 918113878,True,False,N/A,N/A,N/A,N/A,N/A,N/A,N/A,N/A,N/A,N/A,N/A,N/A,N/A,N/A,0,N/A,N/A,N/A,N/A,N/A,N/A,N/A,N/A,N/A,N/A,N/A,N/A,N/A,N/A,N/A,N/A,N/A,N/A,N/A,N/A,N/A,N/A,N/A,N/A,N/A,N/A,N/A,N/A,N/A,N/A,N/A,N/A,N/A,N/A,N/A,N/A,N/A,N/A,N/A,N/A,N/A,N/A,N/A,N/A,N/A,N/A,N/A,N/A,N/A,N/A,N/A,N/A,N/A,N/A,N/A,N/A,N/A,N/A
ACCESORIOS LIMA E.I.R.L.,INDUSTRIA TECHNI PERÚ EIRL,1,2,3,O,Self Owned,0,C,11-50,2014,16215901,1,134,Importar y exportar,VENTANILLA,CALLAO06,AV. LOS PROFESIONALES S/N MZ. D LOTE 01 SANTA ROSA DE PACHACÚTEC,N/A,506-7627,True,False,N/A,N/A,N/A,N/A,N/A,N/A,N/A,N/A,N/A,N/A,N/A,N/A,N/A,N/A,11,4,MANTENIMIENTO Y REPARACION,N/A,N/A,N/A,N/A,N/A,N/A,N/A,N/A,N/A,N/A,BOMBAS DE VACÍO Y BOMBAS DE AGUA,N/A,N/A,N/A,N/A,N/A,N/A,N/A,N/A,N/A,N/A,"IMPORTACION, VENTA Y ALQUILER DE BOMBAS",N/A,N/A,N/A,N/A,N/A,N/A,N/A,N/A,N/A,N/A,TORNERIA,N/A,N/A,N/A,N/A,N/A,N/A,N/A,N/A,N/A,N/A,N/A,N/A,N/A,N/A,N/A,N/A,N/A,N/A,N/A,OPR,Operating,N/A,http://techniperu.com/
ACCESORIOS PARA LA INDUSTRIA C & S S.A.C.,SEDISA S.A.C,1,2,51,P,Privately Held,0,C,11-50,1988,490076,1,135,Ingeniería industrial o mecánica,LIMA,LIMA 33,Oficina: Avenida Circunvalación  Golf Los Incas 154 - Edificio Capital Golf Lima,N/A,N/A,True,True,N/A,N/A,N/A,N/A,N/A,N/A,N/A,N/A,N/A,N/A,N/A,N/A,N/A,N/A,382,4,"Soldaduras, Máquinas de Soldar y Accesorios",N/A,N/A,N/A,N/A,N/A,N/A,N/A,N/A,N/A,N/A,Abrasivos Sólidos,N/A,N/A,N/A,N/A,N/A,N/A,N/A,N/A,N/A,N/A,Herramientas Eléctricas,N/A,N/A,N/A,N/A,N/A,N/A,N/A,N/A,N/A,N/A,Rodamientos y transmisión de Potencia,N/A,N/A,N/A,N/A,N/A,N/A,N/A,N/A,N/A,N/A,N/A,N/A,N/A,N/A,N/A,N/A,N/A,N/A,N/A,N/A,N/A,N/A,http://www.sedisa.com.pe
ACCRESCERE E.I.R.L.,Certiquality Srl,1,0,53,P,Privately Held,0,E,201-500,1989,5095822,1,86,Servicios medioambientales,N/A,N/A,N/A,N/A,N/A,N/A,N/A,N/A,N/A,N/A,N/A,N/A,N/A,N/A,BARI,70124,Via S. Matarrese 4,0039 080 5046077,0039 080 5046136,True,False,2966,3,Food & Beverage,N/A,N/A,N/A,N/A,N/A,N/A,N/A,N/A,N/A,N/A,Environmental,N/A,N/A,N/A,N/A,N/A,N/A,N/A,N/A,N/A,N/A,Health & Safety,N/A,N/A,N/A,N/A,N/A,N/A,N/A,N/A,N/A,N/A,N/A,N/A,N/A,N/A,N/A,N/A,N/A,N/A,N/A,N/A,N/A,N/A,N/A,N/A,N/A,N/A,N/A,N/A,N/A,N/A,OPR,Operating,N/A,www.certiquality.it
ACTIVA CONSULTING GROUP S.A.C.,G Y C GROUP SERVICE,1,0,2,P,Privately Held,0,C,11-50,2008,2781679,1,123,Subcontrataciones/Offshoring,LIMA,054,Las Casuarianas A-5 JLByR,N/A,054-766754,True,True,N/A,N/A,N/A,N/A,N/A,N/A,N/A,N/A,N/A,N/A,N/A,N/A,N/A,N/A,69,4,Marketing BTL,N/A,N/A,N/A,N/A,N/A,N/A,N/A,N/A,N/A,N/A,Arquitectura de Edificaciones,N/A,N/A,N/A,N/A,N/A,N/A,N/A,N/A,N/A,N/A,Arquitectura Comercial,N/A,N/A,N/A,N/A,N/A,N/A,N/A,N/A,N/A,N/A,Servicios Generales,N/A,N/A,N/A,N/A,N/A,N/A,N/A,N/A,N/A,N/A,N/A,N/A,N/A,N/A,N/A,N/A,N/A,N/A,N/A,OPR,Operating,N/A,www.gycgrupo.com
ACTIVA GROUP S.A.C.,G Y C GROUP SERVICE,1,0,3,P,Privately Held,0,C,11-50,2008,2781679,1,123,Subcontrataciones/Offshoring,LIMA,054,Las Casuarianas A-5 JLByR,N/A,054-766754,True,True,N/A,N/A,N/A,N/A,N/A,N/A,N/A,N/A,N/A,N/A,N/A,N/A,N/A,N/A,69,4,Marketing BTL,N/A,N/A,N/A,N/A,N/A,N/A,N/A,N/A,N/A,N/A,Arquitectura de Edificaciones,N/A,N/A,N/A,N/A,N/A,N/A,N/A,N/A,N/A,N/A,Arquitectura Comercial,N/A,N/A,N/A,N/A,N/A,N/A,N/A,N/A,N/A,N/A,Servicios Generales,N/A,N/A,N/A,N/A,N/A,N/A,N/A,N/A,N/A,N/A,N/A,N/A,N/A,N/A,N/A,N/A,N/A,N/A,N/A,OPR,Operating,N/A,www.gycgrupo.com
ACTIVOS DE INDUSTRIAS S.A.C.,DRESDEN LAB S.A.C.,1,2,5,P,Privately Held,0,C,11-50,2003,10310550,1,15,Industria farmacéutica,ATE,LIMA 3,Av. Los Ingenieros 130,+511-348-5870,+511-348-5874,True,False,N/A,N/A,N/A,N/A,N/A,N/A,N/A,N/A,N/A,N/A,N/A,N/A,N/A,N/A,98,4,PRINCIPIOS ACTIVOS,N/A,N/A,N/A,N/A,N/A,N/A,N/A,N/A,N/A,N/A,FARMACEUTICA,N/A,N/A,N/A,N/A,N/A,N/A,N/A,N/A,N/A,N/A,VETERINARIA,N/A,N/A,N/A,N/A,N/A,N/A,N/A,N/A,N/A,N/A,ENZIMAS,N/A,N/A,N/A,N/A,N/A,N/A,N/A,N/A,N/A,N/A,N/A,N/A,N/A,N/A,N/A,N/A,N/A,N/A,N/A,OPR,Operating,N/A,www.dresdenlab.com
ADMINISTRACION CONTABILIDAD Y SERVICIOS S.A.C.,A & C SERVICIOS Y CONSULTORIAS EMPRESARIALES,1,2,76,P,Privately Held,0,B,2-10,2013,13450370,1,47,Contabilidad,LIMA,012 LA MOLINA, Cal. los Sauces ,N/A,N/A,True,True,N/A,N/A,N/A,N/A,N/A,N/A,N/A,N/A,N/A,N/A,N/A,N/A,N/A,N/A,2,4,CONTABILIDAD,N/A,N/A,N/A,N/A,N/A,N/A,N/A,N/A,N/A,N/A,RR.HH,N/A,N/A,N/A,N/A,N/A,N/A,N/A,N/A,N/A,N/A,PLANILLA,N/A,N/A,N/A,N/A,N/A,N/A,N/A,N/A,N/A,N/A,ASESORIA,N/A,N/A,N/A,N/A,N/A,N/A,N/A,N/A,N/A,N/A,N/A,N/A,N/A,N/A,N/A,N/A,N/A,N/A,N/A,N/A,N/A,N/A,N/A
ADMINISTRACION DE CONDOMINIOS E.I.R.L.,jp&jaden E I R L,1,1,3,P,Privately Held,0,C,11-50,2014,9468506,1,59,Servicios públicos,LIMA,01,DIRECCION FISCAL: CALLE BAHIA 276 SOL DE LA MOLINA REAL,00000,982058179,True,True,N/A,N/A,N/A,N/A,N/A,N/A,N/A,N/A,N/A,N/A,N/A,N/A,N/A,N/A,7,4,limpieza industrial,N/A,N/A,N/A,N/A,N/A,N/A,N/A,N/A,N/A,N/A,limpieza de centros hospitalarios y oficinas,N/A,N/A,N/A,N/A,N/A,N/A,N/A,N/A,N/A,N/A,limpieza de instituciones educativas,N/A,N/A,N/A,N/A,N/A,N/A,N/A,N/A,N/A,N/A,limpieza de centros empresariales y condominios,N/A,N/A,N/A,N/A,N/A,N/A,N/A,N/A,N/A,N/A,N/A,N/A,N/A,N/A,N/A,N/A,N/A,N/A,N/A,OPR,Operating,N/A,wwwjpyjaden.com
ADVANCED COMPUTER S.R.L.,ADVANCED COMPUTER SYSTEMS A.C.S. S.R.L.,1,2,31,N/A,N/A,0,D,51-200,N/A,24628556,1,3,Equipo informático,ROMA,00139,VIA DELLA BUFALOTTA 378,N/A,+39 63936331,True,False,N/A,N/A,N/A,N/A,N/A,N/A,N/A,N/A,N/A,N/A,N/A,N/A,N/A,N/A,28,N/A,N/A,N/A,N/A,N/A,N/A,N/A,N/A,N/A,N/A,N/A,N/A,N/A,N/A,N/A,N/A,N/A,N/A,N/A,N/A,N/A,N/A,N/A,N/A,N/A,N/A,N/A,N/A,N/A,N/A,N/A,N/A,N/A,N/A,N/A,N/A,N/A,N/A,N/A,N/A,N/A,N/A,N/A,N/A,N/A,N/A,N/A,N/A,N/A,N/A,N/A,N/A,N/A,N/A,N/A,N/A,N/A,N/A
ADVANTAGE INTEGRATORS S.A.C.,MOST Technologies,1,0,2,P,Privately Held,0,D,51-200,1999,14930,1,4,Programas informáticos, , ,"7 Martin Gehl str.,",+972 (3) 911-5500,+972 (3) 911-5511,True,True,N/A,N/A,N/A,N/A,N/A,N/A,N/A,N/A,N/A,N/A,N/A,N/A,N/A,N/A,2176,11,Legacy Migration,Pathfinder Conversion,N/A,N/A,N/A,N/A,N/A,N/A,N/A,N/A,N/A,Mainframe Modernization,N/A,N/A,N/A,N/A,N/A,N/A,N/A,N/A,N/A,N/A,Natural Adabas,N/A,N/A,N/A,N/A,N/A,N/A,N/A,N/A,N/A,N/A,Mainframe Experts,N/A,N/A,N/A,N/A,N/A,N/A,N/A,N/A,N/A,N/A,COBOL DB2,N/A,N/A,N/A,Re hosting,Test Automation,Java & C#,Mainframe Test Automation,Lotus Notes conversion,OPS,Operating Subsidiary,N/A,www.mosttechnologies.com
ADVANTAGE TECHNOLOGIES S.A.C.,MOST Technologies,1,2,108,P,Privately Held,0,D,51-200,1999,14930,1,4,Programas informáticos, , ,"7 Martin Gehl str.,",+972 (3) 911-5500,+972 (3) 911-5511,True,True,N/A,N/A,N/A,N/A,N/A,N/A,N/A,N/A,N/A,N/A,N/A,N/A,N/A,N/A,2176,11,Legacy Migration,Pathfinder Conversion,N/A,N/A,N/A,N/A,N/A,N/A,N/A,N/A,N/A,Mainframe Modernization,N/A,N/A,N/A,N/A,N/A,N/A,N/A,N/A,N/A,N/A,Natural Adabas,N/A,N/A,N/A,N/A,N/A,N/A,N/A,N/A,N/A,N/A,Mainframe Experts,N/A,N/A,N/A,N/A,N/A,N/A,N/A,N/A,N/A,N/A,COBOL DB2,N/A,N/A,N/A,Re hosting,Test Automation,Java & C#,Mainframe Test Automation,Lotus Notes conversion,OPS,Operating Subsidiary,N/A,www.mosttechnologies.com
AGUA & AMBIENTE CORP PERU S.A.C.,ECOMPAL S.A.C,1,2,12,P,Privately Held,0,C,11-50,2010,3997304,1,54,Productos químicos,PACHACAMAC,LIMA-19,"CALLE 3, MZ. V, LOTE 16",N/A,N/A,True,True,MIRAFLORES,LIMA-18,CALLE GENERAL SALAVERY 250,N/A,N/A,True,False,N/A,N/A,N/A,N/A,N/A,N/A,N/A,49,28,BIOPESTICIDES,BIO AQUACULTURE,VETERINARY,AGRICULTURE,VEGETAL EXTRACTION,ROTENON,ROTENONE,ROTENONA,BIO ROTEN,BIO CHEMICAL,DERRIS,BIOPISCICIDES,VEGETABLE SOLUTIONS,ESSENTIAL OILS ,SCHINUS MOLLE,AMBRETTE,Krameria lappacea,Valeriana officinalis,Genipa americana,vegetable dyes,N/A,N/A,BIOAGRICULTURE,N/A,N/A,N/A,N/A,N/A,N/A,N/A,N/A,N/A,N/A,BIOCIDE,N/A,N/A,N/A,N/A,N/A,N/A,N/A,N/A,N/A,N/A,BIOAQUACULTURE,N/A,N/A,N/A,BIODEGRADABLE,FUNGICIDE,ACARICIDE,PISCICIDE,BIO AGRICULTURE,OPR,Operating,N/A,www.ecompal.com.pe
AIRE INDUSTRIAL E.I.R.L.,REVASA SERVICIOS GENERALES EIRL,1,0,2,O,Self Owned,0,B,2-10,2017,11344187,1,135,Ingeniería industrial o mecánica,LIMA,051,MZ H1 LT 8 ,N/A,N/A,True,True,N/A,N/A,N/A,N/A,N/A,N/A,N/A,N/A,N/A,N/A,N/A,N/A,N/A,N/A,2,7,Instalaciones eléctricas industrial y domiciliarias,N/A,N/A,N/A,N/A,N/A,N/A,N/A,N/A,N/A,N/A,Mantenimiento y reparación de maquinarias pesada,N/A,N/A,N/A,N/A,N/A,N/A,N/A,N/A,N/A,N/A,Acabados de edificaciones,N/A,N/A,N/A,N/A,N/A,N/A,N/A,N/A,N/A,N/A,Mantenimiento de pozo a tierra,N/A,N/A,N/A,N/A,N/A,N/A,N/A,N/A,N/A,N/A,Mantenimiento de tableros eléctricos,N/A,N/A,N/A,Mantenimiento y reparación de sistemas automatizados,Mantenimiento a grupos electrógenos,N/A,N/A,N/A,N/A,N/A,N/A,N/A
AIRE INDUSTRIAL E.I.R.L.,INDUSTRIA TECHNI PERÚ EIRL,1,1,2,O,Self Owned,0,C,11-50,2014,16215901,1,134,Importar y exportar,VENTANILLA,CALLAO06,AV. LOS PROFESIONALES S/N MZ. D LOTE 01 SANTA ROSA DE PACHACÚTEC,N/A,506-7627,True,False,N/A,N/A,N/A,N/A,N/A,N/A,N/A,N/A,N/A,N/A,N/A,N/A,N/A,N/A,11,4,MANTENIMIENTO Y REPARACION,N/A,N/A,N/A,N/A,N/A,N/A,N/A,N/A,N/A,N/A,BOMBAS DE VACÍO Y BOMBAS DE AGUA,N/A,N/A,N/A,N/A,N/A,N/A,N/A,N/A,N/A,N/A,"IMPORTACION, VENTA Y ALQUILER DE BOMBAS",N/A,N/A,N/A,N/A,N/A,N/A,N/A,N/A,N/A,N/A,TORNERIA,N/A,N/A,N/A,N/A,N/A,N/A,N/A,N/A,N/A,N/A,N/A,N/A,N/A,N/A,N/A,N/A,N/A,N/A,N/A,OPR,Operating,N/A,http://techniperu.com/
AL ASESORES S.A.C.,MESSIS Asesores de Seguros S.A.,1,0,70,O,Self Owned,0,C,11-50,1998,10953445,1,42,Seguros,CABA,C1084ABE,Maipu 267,N/A,N/A,True,True,N/A,N/A,N/A,N/A,N/A,N/A,N/A,N/A,N/A,N/A,N/A,N/A,N/A,N/A,2882,1,Seguros,N/A,N/A,N/A,N/A,N/A,N/A,N/A,N/A,N/A,N/A,N/A,N/A,N/A,N/A,N/A,N/A,N/A,N/A,N/A,N/A,N/A,N/A,N/A,N/A,N/A,N/A,N/A,N/A,N/A,N/A,N/A,N/A,N/A,N/A,N/A,N/A,N/A,N/A,N/A,N/A,N/A,N/A,N/A,N/A,N/A,N/A,N/A,N/A,N/A,N/A,N/A,N/A,OPR,Operating,N/A,http://messisonline.com
ALENIA AERMACCHI S.P.A.,ALENIA AERMACCHI S.P.A.,1,0,2,N/A,N/A,0,D,51-200,N/A,24728657,1,94,Aeronáutica/Aviación,ROMA,00195,PIAZZA MONTE GRAPPA 4,N/A,N/A,True,False,N/A,N/A,N/A,N/A,N/A,N/A,N/A,N/A,N/A,N/A,N/A,N/A,N/A,N/A,285,N/A,N/A,N/A,N/A,N/A,N/A,N/A,N/A,N/A,N/A,N/A,N/A,N/A,N/A,N/A,N/A,N/A,N/A,N/A,N/A,N/A,N/A,N/A,N/A,N/A,N/A,N/A,N/A,N/A,N/A,N/A,N/A,N/A,N/A,N/A,N/A,N/A,N/A,N/A,N/A,N/A,N/A,N/A,N/A,N/A,N/A,N/A,N/A,N/A,N/A,N/A,N/A,N/A,N/A,N/A,N/A,N/A,N/A
ALENIA AERMACCHI S.P.A.,Matarrese S.r.l.,1,1,2,C,Public Company,0,E,201-500,2014,9349348,1,48,Construcción,BARI,70126,"Via A. Tocanini, 21 ",N/A,N/A,True,True,N/A,N/A,N/A,N/A,N/A,N/A,N/A,N/A,N/A,N/A,N/A,N/A,N/A,N/A,56,6,Infrastrutture,N/A,N/A,N/A,N/A,N/A,N/A,N/A,N/A,N/A,N/A,Ingegneria ,N/A,N/A,N/A,N/A,N/A,N/A,N/A,N/A,N/A,N/A,Edilizia ,N/A,N/A,N/A,N/A,N/A,N/A,N/A,N/A,N/A,N/A,Qualità ,N/A,N/A,N/A,N/A,N/A,N/A,N/A,N/A,N/A,N/A,Ambiente ,N/A,N/A,N/A,Sicurezza ,N/A,N/A,N/A,N/A,N/A,N/A,N/A,N/A
ALIMENTOS Y SERVICIOS LIMA S.A.C.,Asesoría y Capacitación en Alimentos y Bebidas Xperton S.A.C. Lima-Perú,1,1,2,S,Partnership,0,B,2-10,2015,6589725,1,34,Alimentación y bebidas,LIMA,03,Av. Javier Prado Este N° 7909 Dpto. 201 - ATE,N/A,(511) 348-8623,True,True,N/A,N/A,N/A,N/A,N/A,N/A,N/A,N/A,N/A,N/A,N/A,N/A,N/A,N/A,48,9,Asesoría,N/A,N/A,N/A,N/A,N/A,N/A,N/A,N/A,N/A,N/A,Capacitaciones,N/A,N/A,N/A,N/A,N/A,N/A,N/A,N/A,N/A,N/A,Flujos de Proceso,N/A,N/A,N/A,N/A,N/A,N/A,N/A,N/A,N/A,N/A,Desarrollo de Fórmulas,N/A,N/A,N/A,N/A,N/A,N/A,N/A,N/A,N/A,N/A,Evaluación Sensorial,N/A,N/A,N/A,"Validaciones y Verificaciones BPM, HACCP",Estudio y Control de Defectos,Diseño y Análisis Estadístico,Representación Especializada,N/A,OPR,Operating,N/A,www.xperton.pe
ALL IN PERU S.A.C.,proveeduria lionard s.a.c,1,1,36,P,Privately Held,0,C,11-50,2005,576843,1,34,Alimentación y bebidas,CALLAO,CALLAO 1,Av.DULOPOYI 824 LA PERLA CALLAO,4295252,4533338,True,False,N/A,N/A,N/A,N/A,N/A,N/A,N/A,N/A,N/A,N/A,N/A,N/A,N/A,N/A,1477,1,provee a los barcos,N/A,N/A,N/A,N/A,N/A,N/A,N/A,N/A,N/A,N/A,N/A,N/A,N/A,N/A,N/A,N/A,N/A,N/A,N/A,N/A,N/A,N/A,N/A,N/A,N/A,N/A,N/A,N/A,N/A,N/A,N/A,N/A,N/A,N/A,N/A,N/A,N/A,N/A,N/A,N/A,N/A,N/A,N/A,N/A,N/A,N/A,N/A,N/A,N/A,N/A,N/A,N/A,OPR,Operating,N/A,.maritimalionard@terra.com
ALL SERVICE MJ S.A.C.,MJ PARTNERS & MANAGEMENTS SERVICE A subsidiary of Water Mayer Finance and Loans,N/A,N/A,1,P,Privately Held,0,C,11-50,1996,25037204,1,43,Servicios financieros,N/A,N/A,N/A,N/A,N/A,N/A,N/A,ACCRA,151,"Meridian House, Ring Rd. Central, Private Mail Bag 16,Accra,Ghana",N/A,N/A,True,False,N/A,N/A,N/A,N/A,N/A,N/A,N/A,1,18,LOANS,AGRICULTURE,CONSTRUCTIONS,BANKING,MTN,MARITIME,AVIATION,SHIPPING,WATERWAYS,N/A,N/A,SBLC,N/A,N/A,N/A,N/A,N/A,N/A,N/A,N/A,N/A,N/A,FUNDING,N/A,N/A,N/A,N/A,N/A,N/A,N/A,N/A,N/A,N/A,PPP,N/A,N/A,N/A,N/A,N/A,N/A,N/A,N/A,N/A,N/A,DRAFTS,N/A,N/A,N/A,BOUNDS,INVESTMENTS,BG,LTN,FINANCE,N/A,N/A,N/A,http://wfl-ghana.gr.tn/gh/
ALL SERVICE PERU S.A.C,proveeduria lionard s.a.c,1,0,3,P,Privately Held,0,C,11-50,2005,576843,1,34,Alimentación y bebidas,CALLAO,CALLAO 1,Av.DULOPOYI 824 LA PERLA CALLAO,4295252,4533338,True,False,N/A,N/A,N/A,N/A,N/A,N/A,N/A,N/A,N/A,N/A,N/A,N/A,N/A,N/A,1477,1,provee a los barcos,N/A,N/A,N/A,N/A,N/A,N/A,N/A,N/A,N/A,N/A,N/A,N/A,N/A,N/A,N/A,N/A,N/A,N/A,N/A,N/A,N/A,N/A,N/A,N/A,N/A,N/A,N/A,N/A,N/A,N/A,N/A,N/A,N/A,N/A,N/A,N/A,N/A,N/A,N/A,N/A,N/A,N/A,N/A,N/A,N/A,N/A,N/A,N/A,N/A,N/A,N/A,N/A,OPR,Operating,N/A,.maritimalionard@terra.com
ALMACENES UNIDOS S.A.,Grupo Unicomer/ Unicomer Group,1,0,9,P,Privately Held,0,I,10001+,2000,8503671,1,27,Venta al por menor,SAN SALVADOR,9001,"Alameda Manuel Enrique Araujo, Edificio Unicomer",N/A,+503 22502000,True,True,N/A,N/A,N/A,N/A,N/A,N/A,N/A,N/A,N/A,N/A,N/A,N/A,N/A,N/A,8523,4,Retail ,N/A,N/A,N/A,N/A,N/A,N/A,N/A,N/A,N/A,N/A,Consumer Finance ,N/A,N/A,N/A,N/A,N/A,N/A,N/A,N/A,N/A,N/A,Post sales services ,N/A,N/A,N/A,N/A,N/A,N/A,N/A,N/A,N/A,N/A,Technology ,N/A,N/A,N/A,N/A,N/A,N/A,N/A,N/A,N/A,N/A,N/A,N/A,N/A,N/A,N/A,N/A,N/A,N/A,N/A,OPR,Operating,N/A,http://grupounicomer.com/
ALTA VISION CONSULTORES S.A.C,XENTIC S.A.C,N/A,N/A,1,O,Self Owned,0,C,11-50,2009,2517276,1,96,Servicios y tecnología de la información ,CALLAO,07011,CALLE LUIS GODIN 4836 URB. SAN JOSE,N/A,51 1 713 1800,True,True,N/A,N/A,N/A,N/A,N/A,N/A,N/A,N/A,N/A,N/A,N/A,N/A,N/A,N/A,78,8,Infraestructura de TI,N/A,N/A,N/A,N/A,N/A,N/A,N/A,N/A,N/A,N/A,Seguridad Informática,N/A,N/A,N/A,N/A,N/A,N/A,N/A,N/A,N/A,N/A,Cloud Computing,N/A,N/A,N/A,N/A,N/A,N/A,N/A,N/A,N/A,N/A,Venta de Hardware,N/A,N/A,N/A,N/A,N/A,N/A,N/A,N/A,N/A,N/A,Servicios de TI,N/A,N/A,N/A,Capacitación en TI,Venta de Software,Servicios a Canales,N/A,N/A,OPR,Operating,N/A,http://www.xentic.com.pe
ALTER FOOD S.A.C.,Earth Matter NY,1,1,2,D,Educational,0,B,2-10,2009,1763027,1,86,Servicios medioambientales,NY,10004,Governors Island,N/A,N/A,True,True,N/A,N/A,N/A,N/A,N/A,N/A,N/A,N/A,N/A,N/A,N/A,N/A,N/A,N/A,114,4,making of compost,N/A,N/A,N/A,N/A,N/A,N/A,N/A,N/A,N/A,N/A,education and support of ongoing community composting efforts,N/A,N/A,N/A,N/A,N/A,N/A,N/A,N/A,N/A,N/A,utilizing best practices for the improvement of soil health,N/A,N/A,N/A,N/A,N/A,N/A,N/A,N/A,N/A,N/A,application of compost in growing plants,N/A,N/A,N/A,N/A,N/A,N/A,N/A,N/A,N/A,N/A,N/A,N/A,N/A,N/A,N/A,N/A,N/A,N/A,N/A,OPR,Operating,N/A,http://earthmatter.org
It took 42 minutes and 8.59 seconds to comb through 1951354 entries (or 36818 companies) and verify  54 matches - 0.15% hit rate.